pid_a,pid_b,jaccard
108,1030,0.64
704,1954,0.7205240174672489
1404,100832,0.5217391304347826
10686,101520,0.6631578947368421
